Model,MSE Before Tuning,MSE After Tuning
Linear Regression,0.3172923709860451,0.3172923709860451
Random Forest,0.33223214326229983,0.32166403454030545
Gradient Boosting,0.3229106758735308,0.3149727399016546
SVR,0.34896642591507493,0.32030584292140124
XGBoost,0.4091861962989365,0.3153988958495182
