Model,MSE Before Tuning,MSE After Tuning
Linear Regression,0.2941619869534126,0.2941619869534126
Random Forest,0.31506615454421916,0.30261877019787814
Gradient Boosting,0.3063005777263947,0.2948802583420242
SVR,0.34283984576614357,0.2940106310360325
XGBoost,0.37775548496605504,0.294089550900227
