Model,MSE Before Tuning,MSE After Tuning
Linear Regression,0.3178463043907134,0.3178463043907134
Random Forest,0.331883121341396,0.3194011217979476
Gradient Boosting,0.322964063887563,0.3147144557057343
SVR,0.34645136671876225,0.32011581303810677
XGBoost,0.3820383266797364,0.31718054318852956
